id;name;address_line_one;address_line_two;city;postal_code
1;reciprocal payment;Kuwait;Belize Dollar compressing Handcrafted;Mayertmouth;97092
2;compressing paradigm;Functionality envisioneer;Metrics engage world-class;Farrelltown;43800
3;capacitor Handcrafted Rubber Car;iterate;PNG Avon Auto Loan Account;Gleasonview;44787
4;Checking Account virtual Internal;Ergonomic quantify morph;index e-markets Cambridgeshire;East Bridgetland;41210
5;Handcrafted Metal Bacon Savings Account Mouse;Saint Kitts and Nevis Mill;Licensed;North Beatrice;75158
6;Handcrafted Plastic Salad Idaho;Branding parsing;orange;Lake Emmanuelview;53200
7;regional;Chair Via;Interactions Bike;New Moriahland;48220
8;Agent neural;Product;Avon global;North Coraliechester;3277
9;Music dynamic Ball;client-driven;National Money Market Account;Bernieceberg;74187
10;back-end withdrawal Executive;metrics;wireless SCSI Wyoming;Lake Malcolmshire;99083
